{
    "installed": {
        "client_id": "556779989895-5lrld822km83d42sf1eie3buhcspiovi.apps.googleusercontent.com",
        "project_id": "mama-mail-service",
        "auth_uri": "https://accounts.google.com/o/oauth2/auth",
        "token_uri": "https://oauth2.googleapis.com/token",
        "auth_provider_x509_cert_url": "https://www.googleapis.com/oauth2/v1/certs",
        "client_secret": "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",
        "redirect_uris": [
            "http://localhost"
        ]
    }
}