{
    "installed": {
        "client_id": "225351151364-0dvkdrhkghk8tc8bepv5tgce3dkfppli.apps.googleusercontent.com",
        "project_id": "mindful-primer-456118-b1",
        "auth_uri": "https://accounts.google.com/o/oauth2/auth",
        "token_uri": "https://oauth2.googleapis.com/token",
        "auth_provider_x509_cert_url": "https://www.googleapis.com/oauth2/v1/certs",
        "client_secret": "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",
        "redirect_uris": [
            "http://localhost"
        ]
    }
}